Sample_ID,Ecosystem,Distance_equator,MAT,MAP,Fine_texture,pH,Plant_cover,Forest,Grassland,Soil_C,Richness_fungi,Richness_bacteria,Dominant_fungi,Dominant_bacteria,Fungal_biomass,Bacterial_biomass,Ratio_Diversity_Biomass_Bacteria,Ratio_Diversity_Biomass_Fungi
1.00,DryForest,35.397,10.7,357,3.29,8.11,19.59,1,0,1.91,#,1842.00,0,71.08,24.912823667432,155.216674301781,1.5291871822345,#
2.00,DryForest,35.397,10.7,357,3.29,6.71,19.59,1,0,3.06,131.00,1920.00,96.85,72,25.3104588823212,83.9849715914932,1.81672948264928,1.37060455245556
3.00,DryForest,35.397,10.7,357,3.29,7.22,19.59,1,0,0.38,135.00,1832.00,89.8,71.76,7.32021516931662,54.79454953526,1.98616474053285,1.9194156451821
4.00,DryForest,35.397,10.7,357,3.29,7.53,19.59,1,0,0.17,31.00,1892.00,96.15,58.14,0.483541922058793,11.154925402697,2.80019599407722,2.63449587705666
5.00,DryForest,35.397,10.7,357,3.29,7.10,19.59,1,0,0.47,111.00,1810.00,99.45,70.1,18.3967185388673,62.8479853541392,1.91836891476257,1.43174393603118
6.00,DryForest,35.144,10.9,393,26.54,7.82,68.02,1,0,3.44,#,1927.00,0,75.76,16.4147049511287,121.691729467789,1.65550489405249,#
7.00,DryForest,35.144,10.9,393,26.54,8.01,68.02,1,0,2.41,160.00,2370.00,92.05,69.84,9.98938343382345,173.860529412338,1.5966723617966,1.85892855893399
8.00,DryForest,35.144,10.9,393,26.54,7.35,68.02,1,0,1.26,129.00,2400.00,94.95,67.08,12.0100138284616,152.461616812846,1.6591697461682,1.6819514033992
9.00,DryForest,35.144,10.9,393,26.54,7.16,68.02,1,0,1.07,164.00,1378.00,86.95,63.78,33.0014557431607,174.589820676751,1.34255330278784,1.35751464319428
10.00,DryForest,35.144,10.9,393,26.54,7.33,68.02,1,0,1.02,214.00,2249.00,82.25,68.82,5.99662521585208,112.079683244673,1.76333808703931,2.21530462418375
11.00,DryForest,35.539,8,469,61.50,7.49,61.86,1,0,4.85,120.00,2391.00,98.7,66.66,558.829832081671,581.945295550894,1.09599035096013,0.2832078076879
12.00,DryForest,35.539,8,469,61.50,7.24,61.86,1,0,4.04,189.00,#,97,0,85.7601858031489,327.293291540943,#,1.02829127072875
13.00,DryForest,35.539,8,469,61.50,7.61,61.86,1,0,6.89,140.00,2361.00,96.95,70.58,57.5692179309939,356.097195013961,1.29130818988126,1.06236410462304
14.00,DryForest,35.539,8,469,61.50,7.19,61.86,1,0,2.92,179.00,2331.00,89.8,61.92,18.5100585080868,179.541914427391,1.57524848067862,1.64119894670764
15.00,DryForest,35.539,8,469,61.50,6.66,61.86,1,0,9.32,146.00,2461.00,98.75,67.04,246.555825590901,413.581167236472,1.24771794760848,0.552082927585084
16.00,DryForest,35.385,9.1,489,71.06,7.39,61.75,1,0,4.49,#,1133.00,0,77.12,110.631505063159,379.893108164308,0.935238946563867,#
17.00,DryForest,35.385,9.1,489,71.06,7.02,61.75,1,0,3.42,123.00,2432.00,97.4,65.96,84.6182213578357,278.454467638545,1.40757443214761,0.860260934950371
18.00,DryForest,35.385,9.1,489,71.06,7.13,61.75,1,0,2.05,191.00,2145.00,81.75,67.96,12.5223354752985,162.703868636812,1.57946205365944,1.83912883503759
19.00,DryForest,35.385,9.1,489,71.06,7.56,61.75,1,0,2.97,154.00,2418.00,97.15,64.64,30.5445081174785,196.361428657272,1.55352599368346,1.36254764120048
20.00,DryForest,35.385,9.1,489,71.06,7.16,61.75,1,0,1.41,124.00,1868.00,91.2,66.62,9.91995579339093,135.272038514344,1.59504436080972,1.74731307367017
21.00,Grassland,39.954,9.5,428,30.34,4.94,97.00,0,1,4.14,183.00,1757.00,92.6,64.92,30.9283179643212,450.270279406675,1.06447220419434,1.43236305019062
22.00,Grassland,39.954,9.5,428,30.34,6.10,97.00,0,1,2.17,199.00,2088.00,89.25,59.58,17.6930580639697,323.493804410408,1.27624470752602,1.70739571297671
23.00,Grassland,39.954,9.5,428,30.34,6.25,97.00,0,1,2.25,255.00,2157.00,86.9,63.9,24.1851117995296,273.198081578291,1.36147190725272,1.68179729565411
24.00,Grassland,39.954,9.5,428,30.34,5.48,97.00,0,1,4.47,229.00,2020.00,85.95,64.64,77.0294534342172,385.987596627807,1.18861633296598,1.15046228101171
25.00,Grassland,39.954,9.5,428,30.34,4.99,97.00,0,1,5.12,209.00,1853.00,90.15,66.22,47.1924912497834,489.067605629081,1.05486495346269,1.3128757981373
26.00,Grassland,39.958,9.6,428,32.97,5.80,87.47,0,1,2.97,224.00,2134.00,92.25,62.22,29.9211008627832,490.395889054705,1.11552206393963,1.53432530047346
27.00,Grassland,39.958,9.6,428,32.97,6.43,87.47,0,1,3.73,231.00,2059.00,86.6,62.8,24.9416005291785,396.37063346436,1.18625298170614,1.6253732572878
28.00,Grassland,39.958,9.6,428,32.97,6.14,87.47,0,1,3.85,258.00,2123.00,79.45,66,23.2933728517679,397.586855291959,1.19858201140106,1.70305401926273
29.00,Grassland,39.958,9.6,428,32.97,5.93,87.47,0,1,3.39,246.00,2217.00,91.55,67.2,36.1474993547063,427.703803988368,1.18785119206698,1.49483038249156
30.00,Grassland,39.958,9.6,428,32.97,6.25,87.47,0,1,4.28,254.00,2244.00,89.2,66.1,70.554696223267,580.478638883885,1.06964268610764,1.22958628208043
31.00,Grassland,39.959,9.6,428,33.28,6.28,96.33,0,1,2.06,208.00,#,59.25,0,12.2210728708749,318.207163390649,#,1.88760964527591
32.00,Grassland,39.959,9.6,428,33.28,6.00,96.33,0,1,3.03,237.00,2091.00,84.75,59.6,25.7714329890845,482.790295444461,1.11292470454662,1.62257687484703
33.00,Grassland,39.959,9.6,428,33.28,5.70,96.33,0,1,4.23,#,1918.00,0,59.56,24.0193349530912,673.092035888649,0.944289520279661,#
34.00,Grassland,39.959,9.6,428,33.28,6.15,96.33,0,1,2.42,228.00,2215.00,88.2,65.3,31.408468701862,465.692049042923,1.1527635551128,1.52142380522879
35.00,Grassland,39.959,9.6,428,33.28,6.03,96.33,0,1,3.42,246.00,2159.00,86,61.12,35.3453672559828,407.527567493385,1.19591441771927,1.50432872402564
36.00,Grassland,39.94,8.8,432,40.84,6.27,97.32,0,1,3.09,243.00,2121.00,80.45,65.14,41.9359372916267,586.428443445624,1.04129630660323,1.42689105018987
37.00,Grassland,39.94,8.8,432,40.84,5.97,97.32,0,1,3.30,218.00,2272.00,93.15,64.34,60.0939860203212,496.700203861727,1.13772627915031,1.23102394971551
38.00,Grassland,39.94,8.8,432,40.84,6.46,97.32,0,1,3.54,207.00,2041.00,90,63.18,32.4243408299248,333.865878078854,1.25294381047867,1.46597622043172
39.00,Grassland,39.94,8.8,432,40.84,5.98,97.32,0,1,4.30,223.00,2178.00,94.95,72.42,59.8477441613711,408.688110031926,1.19862769664234,1.24229168731412
40.00,Grassland,39.94,8.8,432,40.84,6.33,97.32,0,1,3.85,158.00,2138.00,97.5,70.18,103.381635287816,492.589406043399,1.11453989705021,0.883916841379693
41.00,Grassland,39.882,8.1,435,34.22,5.82,88.93,0,1,5.76,207.00,2007.00,85.55,67.44,48.3527183811843,557.136485253417,1.03778796764082,1.29869336871519
42.00,Grassland,39.882,8.1,435,34.22,5.57,88.93,0,1,3.18,275.00,2026.00,82.8,50.16,62.0530701350639,448.630649219787,1.12871013864767,1.31609610177681
43.00,Grassland,39.882,8.1,435,34.22,5.89,88.93,0,1,5.81,203.00,2025.00,91.4,65.3,83.9488828462545,1262.87052140805,0.732495205189145,1.0660493895651
44.00,Grassland,39.882,8.1,435,34.22,6.24,88.93,0,1,4.92,193.00,2095.00,85.1,65.74,60.9720229090516,1037.68412473713,0.817037576406478,1.1737674945077
45.00,Grassland,39.882,8.1,435,34.22,6.30,88.93,0,1,3.52,246.00,2055.00,81.95,63.22,44.8061478073651,819.172815872332,0.89785398816444,1.40437187444861
46.00,Grassland,39.868,8.1,435,36.17,5.92,88.53,0,1,5.76,204.00,2341.00,89.1,67.3,34.3079106458748,533.866792333229,1.12156639280069,1.43582613689846
47.00,Grassland,39.868,8.1,435,36.17,5.54,88.53,0,1,5.21,235.00,2162.00,88.75,61.3,47.2343586041441,570.712993483478,1.06035351642807,1.36267273486703
48.00,Grassland,39.868,8.1,435,36.17,5.81,88.53,0,1,4.73,252.00,2275.00,85.85,72.66,34.638482227611,392.222994334039,1.2348286831835,1.52332813524489
49.00,Grassland,39.868,8.1,435,36.17,5.98,88.53,0,1,4.26,236.00,2211.00,85.95,67.24,21.9233832925282,376.944201459539,1.23854321959803,1.69007744810927
50.00,Grassland,39.868,8.1,435,36.17,5.92,88.53,0,1,4.16,231.00,2329.00,87.75,64.02,39.731298520447,407.089460469753,1.22988896742902,1.42777899826741
51.00,Moss health,38.75,9.6,1948,10.38,6.25,11.73,0,0,0.35,156.00,1705.00,96.05,50.86,4.07407165675543,18.8506822847611,2.46254096903449,2.24844890644344
52.00,Moss health,38.75,9.6,1948,10.38,6.45,11.73,0,0,0.10,7.00,2016.00,86.35,57.76,1.87495697426059,20.8886568459398,2.49036113310068,0
53.00,Moss health,38.75,9.6,1948,10.38,6.44,11.73,0,0,0.26,61.00,1021.00,98.8,60.06,3.70496073943083,27.5008804561056,2.01863902114774,1.85514310583297
54.00,Moss health,38.75,9.6,1948,10.38,6.30,11.73,0,0,0.43,134.00,1694.00,91.15,59.64,5.65050466764417,38.3634533047636,2.11291937531192,2.03142447791983
55.00,Moss health,38.75,9.6,1948,10.38,6.64,11.73,0,0,0.24,108.00,1844.00,97.3,63.26,1.75887530075245,21.7092356994565,2.4284879879401,2.47896051154185
56.00,TempForest,38.737,9.2,1949,12.68,5.80,99.73,1,0,5.19,176.00,2176.00,87.55,69.26,40.5150653900604,697.388371754793,0.983966830103754,1.30255254396466
57.00,TempForest,38.737,9.2,1949,12.68,5.74,99.73,1,0,7.44,143.00,2026.00,96.2,73.9,40.7608418470325,958.853801202202,0.83277955516192,1.21094435485115
58.00,TempForest,38.737,9.2,1949,12.68,5.63,99.73,1,0,6.69,160.00,2078.00,94.7,73.04,45.712617178777,935.071108547291,0.852458459281725,1.21197009016183
59.00,TempForest,38.737,9.2,1949,12.68,5.93,99.73,1,0,11.39,156.00,2011.00,96.75,73.86,130.665114071241,1667.51952029381,0.634082766887172,0.791891175352225
60.00,TempForest,38.737,9.2,1949,12.68,6.02,99.73,1,0,6.87,138.00,1726.00,96.25,67.04,113.750550706401,1781.98080563889,0.557859472005987,0.795587870256604
61.00,TempForest,38.652,8.4,1888,7.70,5.37,88.23,1,0,4.73,171.00,1965.00,96.25,66.66,131.840224104087,2194.88900619158,0.537530401160915,0.823773868602476
62.00,TempForest,38.652,8.4,1888,7.70,5.93,88.23,1,0,0.78,143.00,1562.00,94.25,50.86,3.79271173421602,38.3937707153343,2.07336071892817,2.24184857589874
63.00,TempForest,38.652,8.4,1888,7.70,5.53,88.23,1,0,4.33,149.00,1928.00,97.35,68.16,83.9778651908936,929.400434622394,0.824225435433791,0.939907217428206
64.00,TempForest,38.652,8.4,1888,7.70,5.66,88.23,1,0,9.92,170.00,1924.00,96.1,68.02,141.178796100372,1786.67284718324,0.59538141684359,0.796368728603273
65.00,TempForest,38.652,8.4,1888,7.70,5.81,88.23,1,0,6.86,151.00,1927.00,96.35,69.92,66.633592033184,931.338573041265,0.823243252451952,1.03574650253353
66.00,TempForest,38.65,8,1833,6.49,5.63,88.84,1,0,8.20,124.00,1464.00,98.7,72.82,95.7042656959537,1352.76741924553,0.58677796715195,0.817615303376642
67.00,TempForest,38.65,8,1833,6.49,5.42,88.84,1,0,8.54,160.00,1669.00,94.4,73.4,221.296565026239,6001.94082041427,0.242136303412695,0.617647998481621
68.00,TempForest,38.65,8,1833,6.49,5.94,88.84,1,0,0.60,192.00,2562.00,91.1,64.78,4.72234675860354,103.791270279321,1.85724736276835,2.27461124948372
69.00,TempForest,38.65,8,1833,6.49,5.11,88.84,1,0,4.04,110.00,1568.00,98.3,67.48,75.8066196022752,1586.79241566353,0.560596680661829,0.857050435330071
70.00,TempForest,38.65,8,1833,6.49,5.58,88.84,1,0,2.68,133.00,1580.00,96.6,70.74,17.4731238146964,828.731003927318,0.785265134503544,1.53424703494436
71.00,Shrubland,38.758,9.4,1943,7.67,5.97,62.80,0,0,1.88,134.00,1902.00,93.55,65.62,27.1145198292161,163.497288049296,1.52177683225906,1.35168141130085
72.00,Shrubland,38.758,9.4,1943,7.67,6.17,62.80,0,0,0.48,86.00,1503.00,95.35,56.34,6.60296633939298,52.2645493599872,1.91255788308485,1.75852884894525
73.00,Shrubland,38.758,9.4,1943,7.67,6.30,62.80,0,0,0.69,176.00,2153.00,96.9,63.8,8.23532667182266,52.8199272291256,2.07911655466776,1.98661592043496
74.00,Shrubland,38.758,9.4,1943,7.67,6.01,62.80,0,0,1.00,137.00,1832.00,93.65,57.64,17.3443279640502,108.649465313256,1.68126253385282,1.55059322355258
75.00,Shrubland,38.758,9.4,1943,7.67,6.01,62.80,0,0,0.95,143.00,1978.00,93.95,58.98,23.8397111383574,151.025090176837,1.57409505989315,1.43433692019234
76.00,TempForest,38.686,9.1,1943,4.92,5.68,93.68,1,0,3.51,158.00,1929.00,96.5,72.6,42.3495854026116,1008.74084377381,0.79428607639368,1.23796963365615
77.00,TempForest,38.686,9.1,1943,4.92,5.55,93.68,1,0,2.17,144.00,1966.00,95.45,70.38,40.1872060853858,719.384020131671,0.929074213424,1.21974567427395
78.00,TempForest,38.686,9.1,1943,4.92,5.79,93.68,1,0,4.56,#,#,0,0,35.955983064657,819.631513861314,#,#
79.00,TempForest,38.686,9.1,1943,4.92,5.24,93.68,1,0,4.13,162.00,2060.00,96.75,71.26,57.0077748239268,1001.5018402442,0.823372951559568,1.12742468963704
80.00,TempForest,38.686,9.1,1943,4.92,5.71,93.68,1,0,5.09,142.00,1865.00,97.65,71.56,32.4738306606642,728.060776751508,0.90232069819571,1.30173928195482
81.00,Moss health,63.996,3.9,1309,18.40,6.00,0.00,0,0,4.25,105.00,1666.00,97.7,58.7,10.2791145958309,104.646369629605,1.6527887458184,1.65639409239244
82.00,Moss health,63.996,3.9,1309,18.40,6.11,0.00,0,0,3.47,57.00,1501.00,99.6,60.84,25.9391628407254,225.147488340611,1.27614991973952,0.993033076705739
83.00,Moss health,63.996,3.9,1309,18.40,6.08,0.00,0,0,3.21,93.00,1679.00,96.1,59.88,13.8053959070281,195.033502606482,1.38864826944953,1.47418086831295
84.00,Moss health,63.996,3.9,1309,18.40,5.79,0.00,0,0,9.83,109.00,1898.00,98.95,59.44,11.9538328546545,55.6854056755731,1.99563506927797,1.60798415482196
85.00,Moss health,63.996,3.9,1309,18.40,5.64,0.00,0,0,1.52,75.00,1831.00,99.15,53.02,36.2225559681494,159.148410309731,1.51565460744612,0.981743677622362
86.00,Moss health,63.897,3.7,1360,28.63,6.16,0.77,0,0,2.99,106.00,1883.00,96.5,59.44,4.95006066335301,230.128208728277,1.3717664627228,1.98381874393029
87.00,Moss health,63.897,3.7,1360,28.63,6.07,0.77,0,0,3.58,#,1714.00,0,58.5,1.05789539971258,197.291185871727,1.39336977550664,#
88.00,Moss health,63.897,3.7,1360,28.63,6.30,0.77,0,0,2.77,#,1514.00,0,58.34,8.13184328484531,301.627440774812,1.15945703308026,#
89.00,Moss health,63.897,3.7,1360,28.63,6.13,0.77,0,0,2.97,62.00,1754.00,94.95,58.52,17.1921905727003,418.230102575154,1.09330412049374,1.19699935647318
90.00,Moss health,63.897,3.7,1360,28.63,6.43,0.77,0,0,2.89,84.00,933.00,91.4,86.44,2.89540981228085,141.611259104813,1.23997468679002,2.12160923864947
91.00,Moss health,63.974,3.6,1339,21.61,6.07,17.36,0,0,2.78,98.00,1424.00,97.25,61.06,14.0542161881101,151.332935035194,1.41879709848485,1.4902871903178
92.00,Moss health,63.974,3.6,1339,21.61,6.19,17.36,0,0,1.24,101.00,1825.00,94.5,55.24,5.78269032245237,174.493798604092,1.47472164796901,1.89183376269196
93.00,Moss health,63.974,3.6,1339,21.61,5.92,17.36,0,0,2.05,104.00,1936.00,94.7,56.18,22.1128759925511,228.582684858823,1.38733286809419,1.32531442537062
94.00,Moss health,63.974,3.6,1339,21.61,5.98,17.36,0,0,2.87,107.00,1965.00,98.2,64.92,116.938582086834,731.161842951722,0.922618446026568,0.689756231876587
95.00,Moss health,63.974,3.6,1339,21.61,6.15,17.36,0,0,1.72,206.00,2145.00,93.25,55.12,9.00762552703946,308.021758787924,1.30874389637455,2.01727673717316
96.00,Moss health,63.906,3.7,1352,28.80,6.23,6.59,0,0,2.80,146.00,1779.00,98.95,54.2,7.44583473543599,278.961036580494,1.26528098019446,1.94726491131913
97.00,Moss health,63.906,3.7,1352,28.80,6.39,6.59,0,0,3.13,106.00,2141.00,98.35,66.58,23.398059906568,463.683668296064,1.13960979027081,1.31015888511153
98.00,Moss health,63.906,3.7,1352,28.80,6.48,6.59,0,0,3.52,89.00,1793.00,94.6,59.92,5.95086228355688,324.346288194565,1.20655893587526,1.82056966171897
99.00,Moss health,63.906,3.7,1352,28.80,6.11,6.59,0,0,3.44,130.00,2015.00,95.75,53.1,11.0856326285808,390.949462218433,1.1822885325298,1.72020963070056
100.00,Moss health,63.906,3.7,1352,28.80,6.14,6.59,0,0,1.51,91.00,1621.00,97.1,59.86,70.4397569435992,1070.80132278225,0.704003596316575,0.808799030117699
101.00,Shrubland,63.981,3.6,1336,23.00,6.05,44.36,0,0,4.31,152.00,1966.00,97,60.82,105.512757874731,878.810795828981,0.853043834806891,0.860980636139713
102.00,Shrubland,63.981,3.6,1336,23.00,6.49,44.36,0,0,2.24,124.00,2028.00,99.25,59.32,23.7609442712036,358.893691147029,1.22025193394433,1.37296014566052
103.00,Shrubland,63.981,3.6,1336,23.00,6.47,44.36,0,0,2.32,113.00,2354.00,97.95,60.96,16.3178949713818,272.459415656494,1.40207470568373,1.49068056564742
104.00,Shrubland,63.981,3.6,1336,23.00,6.00,44.36,0,0,2.72,106.00,1789.00,99.05,59.54,24.1129169471849,351.34319499408,1.17278414151733,1.29761685651431
105.00,Shrubland,63.981,3.6,1336,23.00,6.29,44.36,0,0,2.27,112.00,1937.00,98.7,62.28,10.8933687737697,258.082790688593,1.33651673090136,1.6604989568489
106.00,TempForest,28.62252,13.9,494,9.02,7.01,3.00,1,0,0.29,180.00,2352.00,97,71.1,2.07042418678426,15.7519157213724,2.70954380566638,2.63171882950137
107.00,TempForest,28.62252,13.9,494,9.02,7.21,3.00,1,0,0.47,101.00,1469.00,94.55,59.5,3.65054667767776,30.4418587109087,2.1530522366625,2.10008896653553
108.00,TempForest,28.62252,13.9,494,9.02,7.08,3.00,1,0,0.28,49.00,2233.00,86.5,66.44,1.96848310341055,17.1013296997942,2.64161264842788,2.04458885727646
109.00,TempForest,28.62252,13.9,494,9.02,7.12,3.00,1,0,0.24,88.00,1475.00,95.8,72.76,0.772217614864419,12.1392836129589,2.63018624015836,2.83243049685259
110.00,TempForest,28.62252,13.9,494,9.02,7.20,3.00,1,0,0.24,41.00,705.00,73.55,70.8,0.981052753345438,10.2557559292145,2.34109848262214,2.31543172942241
111.00,TempForest,28.608193,12,529,17.42,6.97,24.03,1,0,0.96,22.00,415.00,100,76.24,0.574352838700644,20.789057781792,1.61561152280722,2.29867837813677
112.00,TempForest,28.608193,12,529,17.42,6.84,24.03,1,0,1.24,143.00,1789.00,94.3,49.22,2.91641801354974,63.4695779104706,1.90838796208949,2.36383646482204
113.00,TempForest,28.608193,12,529,17.42,6.71,24.03,1,0,1.20,56.00,1505.00,84.45,57.8,12.3661447727101,78.0990544392505,1.73290770722062,1.28676493103812
114.00,TempForest,28.608193,12,529,17.42,6.55,24.03,1,0,1.91,167.00,1987.00,92.45,56.08,9.46874435767497,103.458615818429,1.74081614248379,1.90159624469782
115.00,TempForest,28.608193,12,529,17.42,6.72,24.03,1,0,1.24,95.00,1749.00,72.75,50.84,1.27016362450941,50.5040683836369,2.00122405403632,2.58605367080705
116.00,TempForest,28.557715,15.6,451,14.13,6.76,90.42,1,0,4.64,182.00,2311.00,90.85,65.66,21.1023003346666,301.527181778497,1.3511601709873,1.59232737049943
117.00,TempForest,28.557715,15.6,451,14.13,7.13,90.42,1,0,5.67,174.00,2175.00,87.6,65.46,28.5041453553994,381.737266005811,1.22603857688736,1.4448207878463
118.00,TempForest,28.557715,15.6,451,14.13,6.63,90.42,1,0,5.84,190.00,2449.00,93.9,65.06,21.3827944746277,371.684276602007,1.28977894218809,1.60560018298783
119.00,TempForest,28.557715,15.6,451,14.13,6.81,90.42,1,0,3.90,158.00,2591.00,95.5,68.68,28.7896253353347,356.752275271854,1.33188633587383,1.39854094283272
120.00,TempForest,28.557715,15.6,451,14.13,6.73,90.42,1,0,7.29,203.00,2393.00,91.5,65.64,47.2903766414055,471.657391090062,1.18145304068369,1.29956792175591
121.00,TempForest,28.767865,10.4,568,23.93,6.18,36.55,1,0,9.07,129.00,2129.00,97.35,61.98,107.372406923988,693.273866254553,0.977030314438756,0.790723048900257
122.00,TempForest,28.767865,10.4,568,23.93,6.04,36.55,1,0,5.57,119.00,1874.00,98.95,56.9,97.4941840157073,462.6985843808,1.08196111343805,0.794805359851331
123.00,TempForest,28.767865,10.4,568,23.93,5.97,36.55,1,0,6.43,146.00,2236.00,92.75,62.72,49.0109845424266,512.762145947437,1.11789490883283,1.14467473772845
124.00,TempForest,28.767865,10.4,568,23.93,6.16,36.55,1,0,9.81,107.00,1978.00,99.25,66.46,92.0072757105064,393.04861485563,1.17186110092734,0.774745065714435
125.00,TempForest,28.767865,10.4,568,23.93,6.01,36.55,1,0,9.47,127.00,2021.00,95.55,65.2,43.1040842776166,388.317179399557,1.18637392812258,1.1374587756843
126.00,TempForest,28.697643,14,498,29.61,6.35,75.40,1,0,7.62,#,1926.00,0,68.22,46.6217554981745,528.125310529436,1.04115287646766,#
127.00,TempForest,28.697643,14,498,29.61,6.58,75.40,1,0,22.31,108.00,#,99.15,0,214.872780617721,1366.58624174826,#,0.496797645428482
128.00,TempForest,28.697643,14,498,29.61,6.31,75.40,1,0,10.18,145.00,2291.00,97.8,69.52,248.826656410685,1024.09327115034,0.858037492357648,0.546971071918184
129.00,TempForest,28.697643,14,498,29.61,5.95,75.40,1,0,23.58,134.00,1628.00,97.95,84.36,402.659231962214,2244.54999207242,0.468732925822141,0.386426745516932
130.00,TempForest,28.697643,14,498,29.61,6.84,75.40,1,0,4.99,135.00,2216.00,96.55,71.88,72.2732119114883,663.934821024336,1.01098801293016,0.957925542551858
131.00,TempForest,28.698164,13.7,502,44.32,6.97,61.70,1,0,8.71,124.00,1932.00,95.6,72.66,121.296679098366,883.690190143002,0.843825253469483,0.731842435049378
132.00,TempForest,28.698164,13.7,502,44.32,6.87,61.70,1,0,1.77,113.00,1993.00,99.4,63.04,57.140088202827,254.217859587284,1.35583113898066,0.976213346239241
133.00,TempForest,28.698164,13.7,502,44.32,7.12,61.70,1,0,1.75,158.00,2439.00,89.25,70,51.5869997976253,154.192908234349,1.66166242306665,1.15732631886362
134.00,TempForest,28.698164,13.7,502,44.32,6.98,61.70,1,0,2.01,117.00,1997.00,96.65,66.28,58.4563218656779,443.777881395921,1.12676048653601,0.981723868058616
135.00,TempForest,28.698164,13.7,502,44.32,6.93,61.70,1,0,3.18,110.00,2126.00,99.05,67.14,47.9059833253591,302.557185279807,1.31220552757626,1.03426344104681
136.00,Shrubland,20.452,7.7,104,29.08,7.65,12.19,0,0,0.31,72.00,700.00,99.55,87.72,0.465446798619874,16.3424372434533,2.07439847901267,3.09867012196191
137.00,Shrubland,20.452,7.7,104,29.08,8.00,12.19,0,0,0.48,#,#,0,0,0.595733260251087,30.1194264935568,#,#
138.00,Shrubland,20.452,7.7,104,29.08,8.12,12.19,0,0,1.08,#,176.00,0,76.64,0.959892157983253,207.817687283112,0,#
139.00,Shrubland,20.452,7.7,104,29.08,8.11,12.19,0,0,0.69,#,#,0,0,2.43852180856864,61.6401120445205,#,#
140.00,Shrubland,20.452,7.7,104,29.08,8.73,12.19,0,0,0.55,#,#,0,0,0.966125300776245,55.5635256158865,#,#
141.00,Shrubland,20.45,7.5,106,30.22,8.11,7.80,0,0,1.25,#,#,0,0,3.60021521432958,113.426298978595,#,#
142.00,Shrubland,20.45,7.5,106,30.22,8.65,7.80,0,0,1.70,#,#,0,0,5.20700033489808,135.0250625989,#,#
143.00,Shrubland,20.45,7.5,106,30.22,8.25,7.80,0,0,1.19,8.00,757.00,100,65.96,1.62105113951039,65.9553059600003,1.45745848260419,0.630176455321647
144.00,Shrubland,20.45,7.5,106,30.22,7.94,7.80,0,0,0.43,#,#,0,0,0.233966705895942,20.9014812377697,#,#
145.00,Shrubland,20.45,7.5,106,30.22,7.94,7.80,0,0,0.81,#,#,0,0,2.98838353821379,118.129311420362,#,#
146.00,Shrubland,20.448,7.5,106,17.23,7.84,7.80,0,0,1.48,#,#,0,0,7.29841527080516,250.010619239715,#,#
147.00,Shrubland,20.448,7.5,106,17.23,7.57,7.80,0,0,3.95,#,#,0,0,6.97067224688144,85.2346707572353,#,#
148.00,Shrubland,20.448,7.5,106,17.23,8.10,7.80,0,0,0.86,36.00,2212.00,81.15,60.18,1.91678239937031,88.796548439384,1.8582852774794,1.89843287742248
149.00,Shrubland,20.448,7.5,106,17.23,7.66,7.80,0,0,1.51,68.00,1355.00,90.95,60.88,2.339884594692,52.0546752910114,1.8636953089944,2.12194383522304
150.00,Shrubland,20.448,7.5,106,17.23,8.39,7.80,0,0,0.71,62.00,1366.00,96.6,65.08,1.58497891534123,81.1092608942583,1.66915988890664,2.26833883077991
151.00,Shrubland,20.446,7.5,106,20.59,7.84,6.68,0,0,0.53,68.00,1729.00,63.3,62.86,1.23839888794347,69.7216300714528,1.84998470067053,2.44081667519332
152.00,Shrubland,20.446,7.5,106,20.59,8.07,6.68,0,0,0.38,118.00,1728.00,89.1,62.42,3.97424325300144,91.8325709182364,1.72744960133318,2.13276550247669
153.00,Shrubland,20.446,7.5,106,20.59,8.04,6.68,0,0,0.29,75.00,2476.00,86.9,62.82,2.15869941319485,69.6533512204751,2.0189843537595,2.20752313882256
154.00,Shrubland,20.446,7.5,106,20.59,8.03,6.68,0,0,0.32,#,#,0,0,1.14907000995119,41.4360485464364,#,#
155.00,Shrubland,20.446,7.5,106,20.59,8.22,6.68,0,0,0.67,#,#,0,0,2.62926988598394,129.843346943391,#,#
156.00,Shrubland,20.152,8.4,141,12.63,8.81,20.96,0,0,0.37,48.00,1318.00,97.1,72.2,0.296073982216405,16.7028728221088,2.39922663591042,3.4494124887516
157.00,Shrubland,20.152,8.4,141,12.63,8.86,20.96,0,0,0.26,58.00,1749.00,89.05,69.68,0.328249942486784,19.8720673482072,2.44781112570908,3.37229036183863
158.00,Shrubland,20.152,8.4,141,12.63,9.02,20.96,0,0,0.28,20.00,2005.00,78.25,60.2,0.683681925190566,19.7119388539684,2.51720551495328,2.11796787660471
159.00,Shrubland,20.152,8.4,141,12.63,9.45,20.96,0,0,0.35,33.00,1444.00,80.2,64.64,0.572265297944191,21.6572813304232,2.31112278091733,2.53926764529284
160.00,Shrubland,20.152,8.4,141,12.63,9.39,20.96,0,0,0.35,75.00,1792.00,65.7,66.42,1.22381125968101,31.1671054449988,2.23802461818199,2.49414065427652
161.00,Shrubland,20.151,8.4,141,28.55,8.43,34.01,0,0,0.62,90.00,1838.00,76.85,61.48,2.0538655590133,45.9175270167814,2.06858417721654,2.31775479658591
162.00,Shrubland,20.151,8.4,141,28.55,8.62,34.01,0,0,0.53,92.00,1868.00,77.7,62.68,1.24760891694695,36.3392220319215,2.18512274811746,2.58052359092275
163.00,Shrubland,20.151,8.4,141,28.55,9.11,34.01,0,0,0.55,81.00,2389.00,90.65,63.4,0.684136959205274,35.2006954756639,2.31604691803073,2.87008457478173
164.00,Shrubland,20.151,8.4,141,28.55,7.86,34.01,0,0,0.32,#,2123.00,0,69.32,10.3676636241418,185.961781271234,1.5173507750674,#
165.00,Shrubland,20.151,8.4,141,28.55,8.71,34.01,0,0,0.71,109.00,1973.00,88.3,57.18,2.06944391991284,81.7290224333715,1.84162451289091,2.40320863790474
166.00,Shrubland,20.151,8.4,141,29.32,6.07,31.80,0,0,1.79,35.00,825.00,75.55,45.52,1.61321855558043,83.0365973977269,1.40337269981438,1.96852411328338
167.00,Shrubland,20.151,8.4,141,29.32,8.78,31.80,0,0,0.60,102.00,1971.00,62.4,61.66,1.05157892090772,39.9760932286856,2.1659635091458,2.72142582940274
168.00,Shrubland,20.151,8.4,141,29.32,8.31,31.80,0,0,2.31,81.00,1661.00,68.25,72.9,8.47722653087666,97.6814623297335,1.68152050795073,1.62104944316942
169.00,Shrubland,20.151,8.4,141,29.32,8.33,31.80,0,0,3.75,#,1222.00,0,64.98,6.43246458231687,92.2863955270955,1.55785522548646,#
170.00,Shrubland,20.151,8.4,141,29.32,8.65,31.80,0,0,0.47,111.00,1876.00,70.25,67.18,2.14188073336895,53.1365285359832,2.01142431374843,2.39490234693973
171.00,Shrubland,20.15,8.4,141,21.69,8.43,28.03,0,0,0.69,137.00,1892.00,83.5,60.76,1.76277829855076,66.5803670544066,1.91342585948393,2.58715650371179
172.00,Shrubland,20.15,8.4,141,21.69,6.62,28.03,0,0,1.03,145.00,1975.00,92.15,72.48,12.036602487728,102.17879722357,1.74344808379633,1.73346102819459
173.00,Shrubland,20.15,8.4,141,21.69,7.38,28.03,0,0,0.47,69.00,1807.00,88.65,63.1,1.80730659366326,56.7207529027201,1.96394141849422,2.25446829149713
174.00,Shrubland,20.15,8.4,141,21.69,6.72,28.03,0,0,1.82,129.00,1869.00,89.1,59.12,5.28467130391813,151.791939974812,1.54556192998264,2.04420814542909
175.00,Shrubland,20.15,8.4,141,21.69,7.75,28.03,0,0,0.38,114.00,1749.00,87.75,62.56,2.05068223752794,63.3225172260128,1.89866259793831,2.42834733486294
176.00,Forbland,46.823,-1.8,1306,20.77,7.76,20.17,0,0,1.31,46.00,1405.00,92.45,63.3,11.2463366587526,117.694851606185,1.52024783497377,1.23281740269825
177.00,Forbland,46.823,-1.8,1306,20.77,8.03,20.17,0,0,0.76,#,1696.00,0,64.02,15.3488142860074,122.734072461002,1.5918186805852,#
178.00,Forbland,46.823,-1.8,1306,20.77,8.24,20.17,0,0,0.83,#,1750.00,0,59.18,10.3153269768197,87.114131206233,1.7567229759862,#
179.00,Forbland,46.823,-1.8,1306,20.77,8.25,20.17,0,0,0.67,126.00,1640.00,86.1,56.04,9.01717867304333,82.3658539203369,1.75060123334756,1.79630250608083
180.00,Forbland,46.823,-1.8,1306,20.77,8.01,20.17,0,0,1.20,#,1447.00,0,50.28,32.9988924246968,218.214433304234,1.27207774278985,#
181.00,Forbland,46.831,-1.1,1231,21.91,7.71,50.77,0,0,1.44,177.00,2091.00,89.3,66.3,15.7646800909704,207.559386621714,1.46349759022968,1.70540087402729
182.00,Forbland,46.831,-1.1,1231,21.91,7.17,50.77,0,0,1.48,#,1914.00,0,59.94,13.0824969882946,168.68662336459,1.51129603078774,#
183.00,Forbland,46.831,-1.1,1231,21.91,6.76,50.77,0,0,5.04,161.00,1903.00,96.15,73.28,168.415342147658,749.973353823259,0.899463424661228,0.712854599782557
184.00,Forbland,46.831,-1.1,1231,21.91,7.03,50.77,0,0,1.10,116.00,1928.00,89.85,60,16.6019679160826,193.184966670306,1.45674686664531,1.49505434311892
185.00,Forbland,46.831,-1.1,1231,21.91,7.17,50.77,0,0,1.31,154.00,2257.00,93.3,64.28,13.3154533021633,179.544022365931,1.56047872215352,1.71656052543195
186.00,Grassland,46.834,-0.7,1191,27.27,7.25,44.10,0,1,2.89,185.00,2317.00,81.55,66.24,33.2787480801679,307.257588466656,1.34443770677338,1.40626348775765
187.00,Grassland,46.834,-0.7,1191,27.27,7.47,44.10,0,1,2.99,105.00,2026.00,95.55,64.86,30.377548729407,390.238463364199,1.18545340778769,1.19802506926785
188.00,Grassland,46.834,-0.7,1191,27.27,7.19,44.10,0,1,2.27,#,2488.00,0,63.94,23.9967723748351,311.222893736605,1.37096771786487,#
189.00,Grassland,46.834,-0.7,1191,27.27,7.31,44.10,0,1,4.57,170.00,2190.00,89.35,63.58,66.6212801725936,785.771224129904,0.94031400232301,1.08495797654387
190.00,Grassland,46.834,-0.7,1191,27.27,6.12,44.10,0,1,2.94,145.00,1828.00,96.1,67.26,27.2697699106831,460.958561048722,1.0725409778268,1.38381605661309
191.00,Grassland,46.841,-0.7,1185,14.73,7.64,80.67,0,1,1.04,194.00,2267.00,94.4,59.82,11.7679388009576,158.642259437111,1.61581531706465,1.87317739289014
192.00,Grassland,46.841,-0.7,1185,14.73,4.88,80.67,0,1,8.64,140.00,1707.00,94,58.54,569.560171133861,7022.37321021339,0.218562496951998,0.314277393954441
193.00,Grassland,46.841,-0.7,1185,14.73,6.48,80.67,0,1,6.58,188.00,1898.00,92.8,60.08,418.700171534519,5207.90087382431,0.299328147842981,0.472201443644707
194.00,Grassland,46.841,-0.7,1185,14.73,5.23,80.67,0,1,6.22,123.00,#,97.35,0,95.9582231348664,2843.9238555951,#,0.813480230372585
195.00,Grassland,46.841,-0.7,1185,14.73,5.87,80.67,0,1,5.81,#,1928.00,0,62.72,23.2280555488069,1010.44357782065,0.79346154471453,#
196.00,ColdForest,47.764,7.3,999,59.22,5.19,32.67,1,0,4.98,163.00,2171.00,96.3,61.96,26.5452637627134,1890.22087179326,0.620157560432022,1.44635350007395
197.00,ColdForest,47.764,7.3,999,59.22,5.29,32.67,1,0,12.24,138.00,1557.00,98.05,80.22,66.0737228006908,4178.0365732522,0.299284568669375,1.00191622713353
198.00,ColdForest,47.764,7.3,999,59.22,4.20,32.67,1,0,7.80,78.00,1041.00,98.6,84.96,49.0618704098673,3117.65242890273,0.263130588038269,0.881356299964231
199.00,ColdForest,47.764,7.3,999,59.22,3.91,32.67,1,0,6.08,#,#,0,0,30.529435672448,2071.76396709482,#,#
200.00,ColdForest,47.764,7.3,999,59.22,5.64,32.67,1,0,12.68,#,#,0,0,83.1464610236556,2698.18940422701,#,#
201.00,Forbland,32.514,14.1,288,20.89,7.65,43.21,0,0,0.74,228.00,2211.00,92.05,61.06,0.621082744952702,42.7068944907191,2.18937052217623,3.40972022136542
202.00,Forbland,32.514,14.1,288,20.89,7.65,43.21,0,0,0.48,169.00,2213.00,93.85,63.76,4.5366912706872,72.4640983182008,1.94904593623837,2.23550203366636
203.00,Forbland,32.514,14.1,288,20.89,6.88,43.21,0,0,0.53,170.00,1968.00,85,63.94,7.74384124002651,107.995025065881,1.7174994759437,1.9983130185916
204.00,Forbland,32.514,14.1,288,20.89,6.97,43.21,0,0,0.38,167.00,2083.00,85.4,68.78,4.06720810011615,51.0198905894212,2.0794363786397,2.27998609602229
205.00,Forbland,32.514,14.1,288,20.89,7.35,43.21,0,0,0.60,166.00,2328.00,92.35,64.68,9.32578089244895,119.63372718653,1.75072805415999,1.90559565535575
206.00,Grassland,32.52,14.8,258,12.97,8.16,49.50,0,1,0.77,129.00,1937.00,99.25,69.24,50.0307970126315,118.643586073983,1.66897625621332,1.08408306240894
207.00,Grassland,32.52,14.8,258,12.97,8.31,49.50,0,1,0.40,136.00,2075.00,95.15,61.52,5.54518435741386,49.2290102269745,2.09399332596337,2.04659165980832
208.00,Grassland,32.52,14.8,258,12.97,7.92,49.50,0,1,0.40,153.00,2023.00,87.1,65.5,1.52230986195083,42.053647742272,2.1547102753074,2.71138959854383
209.00,Grassland,32.52,14.8,258,12.97,8.13,49.50,0,1,0.69,140.00,2001.00,96.85,69.76,13.6648499423353,100.060146164213,1.75877981207338,1.66277364648956
210.00,Grassland,32.52,14.8,258,12.97,8.34,49.50,0,1,0.57,#,1515.00,0,70.2,10.7259704219272,94.4896724069203,1.65211324665648,#
211.00,Forbland,32.524,14.8,258,21.10,8.17,32.79,0,0,0.62,149.00,2092.00,88.6,63.06,3.15772888970979,74.8858045623153,1.90805900506269,2.34531313113554
212.00,Forbland,32.524,14.8,258,21.10,8.18,32.79,0,0,0.69,123.00,2067.00,97.3,66.84,12.5598201499171,115.533404338204,1.71087365196279,1.6411485669982
213.00,Forbland,32.524,14.8,258,21.10,8.52,32.79,0,0,0.40,262.00,2458.00,76.95,67.78,2.5475000289091,55.1685679557457,2.12108771246299,2.69997151207714
214.00,Forbland,32.524,14.8,258,21.10,8.45,32.79,0,0,0.52,128.00,2100.00,94.45,61.94,11.1647373667406,95.0360643379616,1.80404068084182,1.7101346587948
215.00,Forbland,32.524,14.8,258,21.10,8.23,32.79,0,0,0.48,170.00,2113.00,68.4,66.76,1.00076398418171,51.4361737524314,2.08244230422191,2.98323782526879
216.00,Forbland,32.527,14.9,255,20.47,8.40,47.82,0,0,0.33,112.00,1946.00,98.25,62.12,6.00243461329848,106.083540645844,1.72006337920576,1.92265369310163
217.00,Forbland,32.527,14.9,255,20.47,8.56,47.82,0,0,0.29,126.00,1864.00,79.05,67.9,0.620686836232665,19.4265851419157,2.48992490369511,3.14145916968925
218.00,Forbland,32.527,14.9,255,20.47,8.17,47.82,0,0,0.89,112.00,2140.00,97.45,68.8,8.16114108682107,92.7541926973877,1.82357452369945,1.78661685424208
219.00,Forbland,32.527,14.9,255,20.47,8.17,47.82,0,0,0.84,170.00,2172.00,91.15,60.58,4.4714203271827,47.3288749482419,2.13354571090268,2.24475325908035
220.00,Forbland,32.527,14.9,255,20.47,8.39,47.82,0,0,0.79,126.00,1909.00,87.65,65.02,1.01927421642132,42.9815917816863,2.11712315990944,2.83647462003506
221.00,Shrubland,30.114,19.3,548,1.74,8.85,28.67,0,0,0.26,#,271.00,0,87.58,0.624795537127932,5.05051179555659,2.14374013760728,#
222.00,Shrubland,30.114,19.3,548,1.74,8.81,28.67,0,0,0.23,172.00,1776.00,89.65,58.9,0.269903628621712,5.40400168617157,3.29847797555665,4.27227274229933
223.00,Shrubland,30.114,19.3,548,1.74,8.69,28.67,0,0,0.29,149.00,1720.00,60.75,59.56,1.04728888027578,8.8926783632919,2.89508337792477,2.89798782533943
224.00,Shrubland,30.114,19.3,548,1.74,8.90,28.67,0,0,0.24,69.00,1401.00,97.05,58.64,0.229830824679471,2.98948455336791,¡DIV/0!,¡DIV/0!
225.00,Shrubland,30.114,19.3,548,1.74,8.89,28.67,0,0,0.31,92.00,1527.00,97.7,63.6,0.233215788823571,3.60265294649925,3.82011111237811,5.05748398536769
226.00,Shrubland,30.224,18.9,558,5.25,8.29,87.73,0,0,1.44,136.00,1974.00,55.9,71.98,2.96890632532342,76.4776112281628,1.87142125552817,2.33262485044438
227.00,Shrubland,30.224,18.9,558,5.25,8.34,87.73,0,0,1.74,#,#,0,0,3.69579614462358,105.841230175829,#,#
228.00,Shrubland,30.224,18.9,558,5.25,8.17,87.73,0,0,1.77,#,1720.00,0,85.16,5.1383724396048,106.932503717253,1.65846301338273,#
229.00,Shrubland,30.224,18.9,558,5.25,8.19,87.73,0,0,1.58,#,#,0,0,6.53339067029999,148.008985919809,#,#
230.00,Shrubland,30.224,18.9,558,5.25,8.16,87.73,0,0,1.76,120.00,2152.00,86.8,70.98,6.20171143534662,156.853401479083,1.59675229420323,1.93960248814455
231.00,Shrubland,30.241,18.9,557,5.75,8.23,82.00,0,0,1.57,129.00,1766.00,74.75,72.88,1.66318531927232,72.1679025232718,1.84465172170797,2.58874253695101
232.00,Shrubland,30.241,18.9,557,5.75,8.26,82.00,0,0,1.43,156.00,1992.00,79.5,64.72,3.66811231751876,90.8422490202782,1.7992800503289,2.29665916133602
233.00,Shrubland,30.241,18.9,557,5.75,8.14,82.00,0,0,1.19,131.00,#,62,0,5.49218137616909,105.082826521535,#,2.03389283400883
234.00,Shrubland,30.241,18.9,557,5.75,8.20,82.00,0,0,1.08,156.00,1987.00,90.2,70.54,4.08605379400143,96.1596228096601,1.77299861329802,2.24710499593949
235.00,Shrubland,30.241,18.9,557,5.75,8.16,82.00,0,0,1.41,126.00,2216.00,81.85,72.9,5.55101897132672,137.544009518931,1.66714988193618,2.0114047940086
236.00,Shrubland,30.229,18.9,557,3.14,7.04,89.73,0,0,1.08,130.00,2043.00,92.15,72.5,6.88898950627534,147.562161958232,1.5990994577285,1.92924281206952
237.00,Shrubland,30.229,18.9,557,3.14,6.66,89.73,0,0,0.98,144.00,1593.00,88.05,69.36,6.24045928292209,91.163845644798,1.69191640601033,2.0195874030347
238.00,Shrubland,30.229,18.9,557,3.14,6.56,89.73,0,0,1.02,122.00,2040.00,83.6,68.02,8.73099292546611,98.3187987076017,1.77553299413546,1.79584041626479
239.00,Shrubland,30.229,18.9,557,3.14,6.65,89.73,0,0,0.76,153.00,2064.00,89.1,68.82,2.66103165222728,41.7441361735295,2.16761042725286,2.43773532030695
240.00,Shrubland,30.229,18.9,557,3.14,6.67,89.73,0,0,1.12,128.00,2083.00,97.35,70.82,2.12671298600541,42.3795836859572,2.16491440490614,2.46385546624962
241.00,Shrubland,30.179,18.9,558,4.04,6.16,87.60,0,0,1.02,140.00,1886.00,96.85,75.86,1.75055549253421,33.4876081863578,2.22826794669252,2.60050737193252
242.00,Shrubland,30.179,18.9,558,4.04,5.99,87.60,0,0,1.03,141.00,2049.00,97.3,74.34,3.70785137095347,53.8986227125,2.04663026205116,2.24586061458222
243.00,Shrubland,30.179,18.9,558,4.04,5.94,87.60,0,0,1.03,127.00,1903.00,95.9,76.28,1.83268673462154,34.1618391311163,2.22309861437697,2.53317631258235
244.00,Shrubland,30.179,18.9,558,4.04,6.10,87.60,0,0,0.71,113.00,2293.00,96.7,69.78,3.18563642412747,61.58406431508,2.03882304888379,2.21490121725917
245.00,Shrubland,30.179,18.9,558,4.04,6.11,87.60,0,0,0.88,149.00,2028.00,97.55,76,5.59604743335231,74.7971379290549,1.89401899162576,2.0838308952241
246.00,Shrubland,30.181,18.9,563,2.91,6.31,84.00,0,0,2.25,109.00,1739.00,93.05,72.64,5.1186568231926,80.0649397814381,1.79109581251193,1.98156597689197
247.00,Shrubland,30.181,18.9,563,2.91,5.58,84.00,0,0,1.60,116.00,1388.00,98.05,80.12,7.3033030221142,56.0396800894845,1.84207830150286,1.8515651029626
248.00,Shrubland,30.181,18.9,563,2.91,5.66,84.00,0,0,1.00,139.00,1695.00,96.95,77.28,4.41307247706286,29.2947099793859,2.24098616918546,2.15969346737484
249.00,Shrubland,30.181,18.9,563,2.91,5.54,84.00,0,0,1.98,118.00,2187.00,98.95,74,3.44184297876932,36.7205500871289,2.25477407282836,2.1989169067771
250.00,Shrubland,30.181,18.9,563,2.91,5.18,84.00,0,0,1.79,154.00,1842.00,98.7,75.74,11.0124715668724,83.2139641547536,1.80125592669696,1.79915931078098
251.00,TempForest,25.912,21,1468,5.52,6.30,80.67,1,0,1.27,113.00,2073.00,99.25,59.9,6.96370368825675,104.536219192079,1.75605478682629,1.86068341629387
252.00,TempForest,25.912,21,1468,5.52,6.21,80.67,1,0,0.81,121.00,2249.00,98.85,64.58,3.60852208834946,103.62758573791,1.79778073464022,2.18859395443381
253.00,TempForest,25.912,21,1468,5.52,6.47,80.67,1,0,1.15,145.00,2199.00,96.55,66.84,4.59780080134286,126.949344999832,1.69846876615203,2.16022820549821
254.00,TempForest,25.912,21,1468,5.52,6.25,80.67,1,0,0.77,116.00,2032.00,98.95,67.66,2.63166716538821,59.187430084249,2.00019021959732,2.31659849221425
255.00,TempForest,25.912,21,1468,5.52,6.19,80.67,1,0,1.19,#,2307.00,0,62.5,4.60261754622249,87.0818753436278,1.88647390637502,#
256.00,TempForest,26.072,20.4,1584,0.74,4.76,88.67,1,0,1.74,#,2118.00,0,64.02,8.21918750941791,85.1905467934725,1.85642849179891,#
257.00,TempForest,26.072,20.4,1584,0.74,4.67,88.67,1,0,1.50,126.00,1526.00,98.35,69.68,6.75497254054221,92.6260175534913,1.66432898826437,1.92377955889406
258.00,TempForest,26.072,20.4,1584,0.74,4.43,88.67,1,0,2.85,79.00,1560.00,99.1,70.6,10.0085007443357,262.341607724544,1.23053937103185,1.53745325102628
259.00,TempForest,26.072,20.4,1584,0.74,4.22,88.67,1,0,2.94,101.00,1326.00,98.6,72.96,14.2071322265557,185.029807674915,1.29983920350188,1.49929822106529
260.00,TempForest,26.072,20.4,1584,0.74,4.31,88.67,1,0,1.72,105.00,1456.00,99.2,70.96,7.97457164691761,82.9760474448266,1.69011918174179,1.76731968769553
261.00,TempForest,26.018,20.9,1509,1.95,4.40,88.67,1,0,1.62,118.00,1473.00,98.05,71.22,20.9438423490955,109.471238867241,1.5743638751088,1.4041461841343
262.00,TempForest,26.018,20.9,1509,1.95,4.82,88.67,1,0,2.15,125.00,1476.00,98.75,68.78,12.134975910329,125.627796835343,1.515737986079,1.66329600866947
263.00,TempForest,26.018,20.9,1509,1.95,4.79,88.67,1,0,0.85,195.00,1706.00,96.7,68.56,16.9161571204094,127.326070881979,1.57867418944558,1.7178102581344
264.00,TempForest,26.018,20.9,1509,1.95,4.28,88.67,1,0,2.44,101.00,1981.00,98.65,60.7,5.61738029003121,47.6039116792279,2.0875364374096,1.90479328846306
265.00,TempForest,26.018,20.9,1509,1.95,3.65,88.67,1,0,0.88,143.00,1564.00,97.85,77.5,14.4693922562098,82.7409049781778,1.72586290442065,1.64754708257597
266.00,TempForest,26.034,20.2,1577,0.66,3.81,90.67,1,0,2.60,#,#,0,0,27.9022145643492,172.823769423413,#,#
267.00,TempForest,26.034,20.2,1577,0.66,4.36,90.67,1,0,1.20,106.00,1535.00,98.9,73.62,12.6832341195422,135.965422782524,1.50035988263102,1.56981691234863
268.00,TempForest,26.034,20.2,1577,0.66,4.08,90.67,1,0,1.67,97.00,1193.00,99.4,67.64,31.0075617302593,253.194362728878,1.12023673377798,1.15512175151815
269.00,TempForest,26.034,20.2,1577,0.66,3.78,90.67,1,0,2.46,122.00,1416.00,98.6,73.24,15.8497775352963,119.655117963027,1.51686416243297,1.53741983224136
270.00,TempForest,26.034,20.2,1577,0.66,4.32,90.67,1,0,1.02,100.00,2266.00,98.1,59,8.69711294583211,89.4871246552533,1.86606424013466,1.70696649995105
271.00,TempForest,25.913,21.3,1435,0.62,4.26,69.67,1,0,3.34,150.00,1378.00,99.45,77.48,12.9019612585573,77.026040104227,1.69625752227478,1.71848635351977
272.00,TempForest,25.913,21.3,1435,0.62,4.59,69.67,1,0,0.60,175.00,1839.00,97,69.7,1.56761195422235,13.5408179639551,2.675472552726,2.75729963332499
273.00,TempForest,25.913,21.3,1435,0.62,4.80,69.67,1,0,0.41,59.00,1891.00,98.35,66.4,2.23360577618865,30.5945491037527,2.27256990971427,2.07543562583337
274.00,TempForest,25.913,21.3,1435,0.62,4.38,69.67,1,0,1.94,102.00,1394.00,98.55,76.62,19.3880340131661,115.857603910729,1.52326221317325,1.37183542004669
275.00,TempForest,25.913,21.3,1435,0.62,4.75,69.67,1,0,0.74,95.00,1604.00,99.3,68.44,6.38317419790716,59.4871747928069,1.88535935558776,1.81961631485125
276.00,TempForest,26.033,20.8,1521,0.49,4.22,75.33,1,0,1.12,111.00,1028.00,98.35,58.08,8.49197810997005,81.1610359465922,1.52744836695283,1.76507994670999
277.00,TempForest,26.033,20.8,1521,0.49,4.25,75.33,1,0,1.62,103.00,1374.00,98.15,70.04,6.06258677948511,41.6902838624723,1.97235985602298,1.87977889661709
278.00,TempForest,26.033,20.8,1521,0.49,4.31,75.33,1,0,1.50,128.00,1291.00,97.65,68.46,12.838263277081,111.914154665232,1.50103993278982,1.64958229788947
279.00,TempForest,26.033,20.8,1521,0.49,4.60,75.33,1,0,1.99,137.00,1522.00,98,68.7,11.4390192999299,100.702372247113,1.62645065966458,1.73014494139524
280.00,TempForest,26.033,20.8,1521,0.49,4.32,75.33,1,0,2.54,115.00,2039.00,97.3,60.9,9.62806551974802,107.877537728357,1.73453423775455,1.72622787049952
281.00,TempForest,19.057,11,1147,13.73,5.57,64.14,1,0,2.10,157.00,2462.00,98.7,68.96,24.9883939327963,251.256476696835,1.45657637758491,1.45547058026096
282.00,TempForest,19.057,11,1147,13.73,5.25,64.14,1,0,1.17,74.00,1533.00,99.8,75.3,36.618238215304,261.219178160723,1.22426203153103,0.971741041797541
283.00,TempForest,19.057,11,1147,13.73,5.78,64.14,1,0,1.19,156.00,2194.00,91.4,68.98,11.6595996088931,125.363171573193,1.70289706780491,1.78003158983268
284.00,TempForest,19.057,11,1147,13.73,5.59,64.14,1,0,1.98,139.00,2095.00,98.2,67.66,26.778149362213,435.929523900464,1.15511783213904,1.3729539471501
285.00,TempForest,19.057,11,1147,13.73,5.57,64.14,1,0,0.89,134.00,2085.00,95.05,71.68,26.3796544390947,179.536471018445,1.52410579289701,1.36318913418712
286.00,TempForest,19.082,10.7,1287,40.09,5.07,67.00,1,0,11.62,130.00,2430.00,90.45,67.04,144.899218629255,1199.14371856285,0.822896485028422,0.687078314119112
287.00,TempForest,19.082,10.7,1287,40.09,4.77,67.00,1,0,13.71,154.00,2508.00,96.45,65.38,86.5885107776609,1191.33555238688,0.837911592783798,0.94141021782985
288.00,TempForest,19.082,10.7,1287,40.09,5.06,67.00,1,0,9.25,123.00,2079.00,99.05,57.6,84.9932357919773,1093.89397855345,0.794588930743983,0.858601412714084
289.00,TempForest,19.082,10.7,1287,40.09,4.92,67.00,1,0,9.47,172.00,2448.00,96,53.18,43.0369544804737,1122.75234021027,0.850332545432591,1.26768745303615
290.00,TempForest,19.082,10.7,1287,40.09,4.67,67.00,1,0,7.68,99.00,2038.00,99.3,58,37.4565215682745,849.169417273297,0.880763937854353,1.08758161113291
291.00,TempForest,19.086,11.1,1318,28.38,5.74,71.03,1,0,4.52,190.00,#,90.4,0,15.0152852891348,671.292702610626,#,1.75788279626566
292.00,TempForest,19.086,11.1,1318,28.38,5.87,71.03,1,0,3.88,212.00,2491.00,91.35,60.92,20.5068510430831,669.227286935285,1.05768782699116,1.67171344157344
293.00,TempForest,19.086,11.1,1318,28.38,5.82,71.03,1,0,7.00,213.00,2547.00,95.05,62.72,25.4569449528121,635.857946284513,1.08761758785528,1.58115971677665
294.00,TempForest,19.086,11.1,1318,28.38,5.76,71.03,1,0,6.94,178.00,2446.00,96.05,62.84,18.1916125170926,713.514105533366,1.02453186458847,1.64618295438523
295.00,TempForest,19.086,11.1,1318,28.38,5.70,71.03,1,0,7.13,211.00,2575.00,93.6,59.62,19.0261096410404,766.155304059037,1.01816627375741,1.70188818988188
296.00,TempForest,19.095,11.1,1261,43.94,6.24,75.63,1,0,4.93,132.00,2252.00,94.7,67.14,36.2882875142531,622.297474124196,1.04347542790272,1.22423827490589
297.00,TempForest,19.095,11.1,1261,43.94,5.92,75.63,1,0,6.57,169.00,2388.00,93.2,64,20.1513945783821,648.915397474721,1.05192553234493,1.57939918356543
298.00,TempForest,19.095,11.1,1261,43.94,5.94,75.63,1,0,9.04,213.00,2544.00,94.1,55.44,29.8993504136176,861.503766157757,0.967167579818146,1.5127183595056
299.00,TempForest,19.095,11.1,1261,43.94,5.85,75.63,1,0,8.90,247.00,2550.00,94.45,59.64,37.2336586716275,1148.22746234352,0.858334228873488,1.48406568085841
300.00,TempForest,19.095,11.1,1261,43.94,5.75,75.63,1,0,11.24,182.00,2299.00,94.4,60.16,51.6808943950487,1411.03773177568,0.742073229191527,1.21647635211715
301.00,TempForest,19.135,11,1247,35.91,5.93,79.77,1,0,8.03,182.00,2413.00,92.25,64.48,30.8039068098238,885.377286408886,0.934642234333561,1.43167835692489
302.00,TempForest,19.135,11,1247,35.91,5.95,79.77,1,0,7.77,185.00,2438.00,83.3,68.3,16.0942012482819,760.696617684434,0.997947206050217,1.71604484216395
303.00,TempForest,19.135,11,1247,35.91,5.91,79.77,1,0,8.16,173.00,2547.00,92.75,60.74,29.6038126231268,868.344293261385,0.964584111855036,1.426345195449
304.00,TempForest,19.135,11,1247,35.91,5.78,79.77,1,0,9.26,227.00,2606.00,93.55,61.6,28.2288288973982,985.921662266717,0.925002456292966,1.56488717418172
305.00,TempForest,19.135,11,1247,35.91,5.90,79.77,1,0,12.01,160.00,2562.00,95.45,63.04,37.7270551392655,1056.34207033972,0.891708913803708,1.29111234122863
306.00,TempForest,19.126,11.1,1313,33.26,5.64,83.40,1,0,10.09,109.00,2186.00,97.05,65.8,41.0983361032558,1147.39591763199,0.797078395232374,1.09151153754889
307.00,TempForest,19.126,11.1,1313,33.26,5.75,83.40,1,0,5.93,126.00,2143.00,98.2,58.58,25.3187913389464,900.475249480941,0.879253167865351,1.35336859192869
308.00,TempForest,19.126,11.1,1313,33.26,5.53,83.40,1,0,10.48,172.00,2359.00,93.3,62.7,38.0085441037127,1332.11398181128,0.772731279999808,1.3191932654206
309.00,TempForest,19.126,11.1,1313,33.26,5.63,83.40,1,0,9.86,137.00,2274.00,97.9,65.76,35.6495577244971,1262.93694915662,0.77769533570397,1.24759304533835
310.00,TempForest,19.126,11.1,1313,33.26,5.53,83.40,1,0,10.23,167.00,2188.00,98.05,61.72,47.7708321950343,1531.64808968781,0.694357984822826,1.21216465865194
311.00,TempForest,19.151,10.8,1291,34.42,5.59,74.11,1,0,7.51,92.00,2294.00,99.8,64.78,46.4262871130449,1270.47576758401,0.778970142786423,0.971471736864768
312.00,TempForest,19.151,10.8,1291,34.42,5.50,74.11,1,0,6.58,207.00,2455.00,91.85,60.36,13.7779158332242,645.820376339989,1.06565660601605,1.83319134307088
313.00,TempForest,19.151,10.8,1291,34.42,5.45,74.11,1,0,8.15,152.00,2151.00,95.95,64.7,45.9510043056561,1256.08127378126,0.757901113943042,1.18799151519448
314.00,TempForest,19.151,10.8,1291,34.42,5.63,74.11,1,0,8.23,173.00,2374.00,95.7,61.3,24.6086338006706,931.371266891799,0.908496003747494,1.50451967057512
315.00,TempForest,19.151,10.8,1291,34.42,5.91,74.11,1,0,6.77,170.00,2235.00,87.3,57.68,17.3440404863408,740.052854900407,0.972093222494427,1.64636285785683
316.00,TempForest,19.608,11.7,1023,40.29,5.23,62.27,1,0,13.27,176.00,2260.00,93.85,64.1,35.3721797530752,1314.35205757274,0.76086694637494,1.35909639184967
317.00,TempForest,19.608,11.7,1023,40.29,5.51,62.27,1,0,9.73,105.00,2216.00,96.85,56.06,30.1464024672759,953.47229307835,0.8713737148871,1.20115658469725
318.00,TempForest,19.608,11.7,1023,40.29,5.24,62.27,1,0,12.03,199.00,2239.00,95.7,65.82,34.6842685297933,1427.99638924074,0.727673194500839,1.42048568438001
319.00,TempForest,19.608,11.7,1023,40.29,5.27,62.27,1,0,10.91,181.00,2230.00,92.6,70.6,37.6951837829538,1570.97327848935,0.692716286891045,1.34463315328965
320.00,TempForest,19.608,11.7,1023,40.29,5.37,62.27,1,0,8.58,149.00,2289.00,96.45,62,29.9295550524939,1101.25169601206,0.830577968551144,1.3566869384421
321.00,Grassland,45.727,6.1,772,0.28,6.70,47.96,0,1,0.03,92.00,1768.00,86.4,67.86,1.0220891653333,17.0436887631544,2.53238316036322,2.68905698691909
322.00,Grassland,45.727,6.1,772,0.28,6.70,47.96,0,1,0.09,133.00,1233.00,91.6,69.4,2.95887489570296,29.0084797336827,2.08930447641894,2.32403964097433
323.00,Grassland,45.727,6.1,772,0.28,6.70,47.96,0,1,0.12,149.00,1395.00,88.25,64.74,2.44438437592596,21.8632714085508,2.28935087043581,2.46610486891901
324.00,Grassland,45.727,6.1,772,0.28,6.70,47.96,0,1,0.09,7.00,752.00,100,58.08,1.6497430909631,19.6379479137333,2.02018377071863,0
325.00,Grassland,45.727,6.1,772,0.28,6.70,47.96,0,1,0.12,111.00,1135.00,89.4,65.22,3.07057825701506,33.5191607128665,1.97865209670483,2.22381780134652
326.00,Grassland,45.728,6.2,770,0.81,7.09,61.00,0,1,0.17,152.00,1570.00,94.3,62.04,1.21132051932425,25.1538479798823,2.27787377018911,2.82774378104031
327.00,Grassland,45.728,6.2,770,0.81,6.81,61.00,0,1,0.10,96.00,985.00,99.1,61.16,2.98990181602261,28.7730261427908,1.97816679214827,2.16903780024892
328.00,Grassland,45.728,6.2,770,0.81,7.09,61.00,0,1,0.09,179.00,1531.00,98.6,70.3,9.0369425170472,39.8420106041525,2.04636268881023,1.95317478520814
329.00,Grassland,45.728,6.2,770,0.81,7.09,61.00,0,1,0.16,104.00,2129.00,92.2,62.36,2.30118484539705,29.8696639909213,2.34022849269326,2.33016805424213
330.00,Grassland,45.728,6.2,770,0.81,7.37,61.00,0,1,0.18,152.00,2079.00,97.2,63.86,6.20044246124408,44.835043222362,2.13793198405221,2.04688066542704
331.00,Shrubland,45.728,6.1,772,0.86,7.44,77.00,0,0,0.47,141.00,1650.00,98.25,72.64,7.15923190698352,63.7824425661805,1.86754600747426,1.94893691261839
332.00,Shrubland,45.728,6.1,772,0.86,7.88,77.00,0,0,0.35,144.00,2029.00,98.7,69.68,15.8252055736192,82.0798776605009,1.85285897284445,1.61208151828384
333.00,Shrubland,45.728,6.1,772,0.86,7.53,77.00,0,0,0.41,#,1363.00,0,49.7,5.60328688160068,44.7623317377919,1.93559310768087,#
334.00,Shrubland,45.728,6.1,772,0.86,7.33,77.00,0,0,0.35,155.00,2043.00,98.75,70.02,4.49438973042898,41.0604456040937,2.17046328986013,2.20074708023666
335.00,Shrubland,45.728,6.1,772,0.86,7.45,77.00,0,0,0.24,136.00,#,99.05,0,10.9763400626474,47.5729066739535,#,1.74482435865998
336.00,Shrubland,45.728,6.1,772,2.44,7.37,53.00,0,0,0.60,116.00,1974.00,99.05,72.94,9.4485280916844,85.0738552743686,1.8240604758364,1.7383780404432
337.00,Shrubland,45.728,6.1,772,2.44,7.37,53.00,0,0,0.43,136.00,1557.00,96.05,71.62,4.01478790742814,64.640183103448,1.83364268942717,2.19293818179695
338.00,Shrubland,45.728,6.1,772,2.44,7.35,53.00,0,0,0.74,109.00,1384.00,98.6,68.68,6.45231971247048,98.4376896944731,1.59056318409212,1.87804078931082
339.00,Shrubland,45.728,6.1,772,2.44,7.37,53.00,0,0,0.29,80.00,1795.00,98.9,67.32,1.83210977167459,42.5508290031102,2.09246992901582,2.31829194696918
340.00,Shrubland,45.728,6.1,772,2.44,7.37,53.00,0,0,0.35,130.00,2097.00,94.1,64.84,6.30535251399389,55.7241860811782,2.04235801579992,1.96863038257338
341.00,ColdForest,45.728,6.1,772,1.64,4.64,78.76,1,0,0.38,83.00,1228.00,95.55,50.28,5.39993067712157,75.3938258897828,1.64907526040152,1.83138095657137
342.00,ColdForest,45.728,6.1,772,1.64,4.64,78.76,1,0,0.42,33.00,646.00,100,84.36,9.03569475493226,71.0815656078248,1.33646040862312,1.15902499882845
343.00,ColdForest,45.728,6.1,772,1.64,4.64,78.76,1,0,0.41,87.00,895.00,99.7,78.92,3.27904849245364,58.8832518644484,1.59744955666946,2.08014309818946
344.00,ColdForest,45.728,6.1,772,1.64,4.64,78.76,1,0,0.40,79.00,776.00,99.7,89.98,7.91822452151699,85.8551037340893,1.35630015976877,1.63919592354036
345.00,ColdForest,45.728,6.1,772,1.64,4.64,78.76,1,0,0.26,81.00,730.00,99.7,76.62,3.42587478695297,65.546547746743,1.44025525938565,2.02634102244863
346.00,ColdForest,45.728,6.1,772,1.52,4.92,43.42,1,0,0.33,83.00,905.00,99.7,82.28,3.12519152409607,61.7002017675303,1.58248893358591,2.08035071545353
347.00,ColdForest,45.728,6.1,772,1.52,4.92,43.42,1,0,1.10,14.00,1577.00,100,53.76,3.35768834284298,70.8059668768878,1.79902660412919,1.04818560659718
348.00,ColdForest,45.728,6.1,772,1.52,5.17,43.42,1,0,0.31,55.00,825.00,99.85,79.3,3.96032481166438,71.229083869843,1.47014389724582,1.77445242388659
349.00,ColdForest,45.728,6.1,772,1.52,4.67,43.42,1,0,0.69,85.00,832.00,99.15,83.16,4.31370803696088,77.6709314475913,1.43684200659053,1.94361070688899
350.00,ColdForest,45.728,6.1,772,1.52,4.92,43.42,1,0,0.31,142.00,1303.00,98.9,81.3,2.81498795288621,87.5566466911518,1.61242480682673,2.37728776557443
351.00,ColdForest,45.723,6.1,772,1.74,4.35,85.58,1,0,0.31,#,1748.00,0,62.98,4.06640916789509,41.2892315022543,2.0937404228178,#
352.00,ColdForest,45.723,6.1,772,1.74,4.48,85.58,1,0,0.79,47.00,632.00,100,88.84,2.66727687711479,41.673848335933,1.5605139146574,1.87852325528322
353.00,ColdForest,45.723,6.1,772,1.74,4.34,85.58,1,0,0.65,97.00,763.00,99.8,81.04,3.71063798555347,45.3231382201778,1.62924243863277,2.07385717594619
354.00,ColdForest,45.723,6.1,772,1.74,4.29,85.58,1,0,0.59,64.00,613.00,99.8,85.38,5.00607010900375,47.3364071793777,1.4850404898623,1.74233656797896
355.00,ColdForest,45.723,6.1,772,1.74,4.27,85.58,1,0,2.11,64.00,663.00,99.85,87.26,7.45805766954034,77.4639995544856,1.3140908236702,1.56640757651797
356.00,ColdForest,45.724,6.1,778,2.19,4.25,87.95,1,0,0.25,32.00,#,100,0,6.48812163979803,76.3804896469469,#,1.28238010466333
357.00,ColdForest,45.724,6.1,778,2.19,4.25,87.95,1,0,0.52,42.00,650.00,100,89.64,151.615326856329,92.3181079254745,1.22822576725228,0.311963809431323
358.00,ColdForest,45.724,6.1,778,2.19,4.25,87.95,1,0,1.03,54.00,565.00,100,94.58,6.46895101567309,54.2623609138586,1.37571181632956,1.54709038626917
359.00,ColdForest,45.724,6.1,778,2.19,4.25,87.95,1,0,1.24,66.00,907.00,100,86.9,12.0308078179963,100.988224707181,1.36865938497278,1.37524978794093
360.00,ColdForest,45.724,6.1,778,2.19,4.25,87.95,1,0,1.15,59.00,613.00,100,81.56,28.3346755263799,106.216449693287,1.13658555856492,0.973626700705406
361.00,ColdForest,45.726,6.1,777,1.85,4.67,75.14,1,0,0.59,66.00,862.00,99.8,81.18,6.15642499877097,99.8150881729597,1.34727726824993,1.66515436129132
362.00,ColdForest,45.726,6.1,777,1.85,4.67,75.14,1,0,0.36,56.00,1029.00,99.9,82.94,5.70497392794305,53.1776832963404,1.71575525777688,1.61996185967613
363.00,ColdForest,45.726,6.1,777,1.85,4.67,75.14,1,0,0.69,15.00,1959.00,100,68.56,6.9361342091813,191.572382148836,1.46767164244659,0.807723158385144
364.00,ColdForest,45.726,6.1,777,1.85,4.67,75.14,1,0,0.57,54.00,613.00,99.9,79.74,9.02244466867034,62.4532070957558,1.36247057061956,1.403109871454
365.00,ColdForest,45.726,6.1,777,1.85,4.67,75.14,1,0,0.48,74.00,703.00,99.8,83.82,8.3962809633974,93.6211378652785,1.26571744399536,1.5831481160997
366.00,ColdForest,45.723,6,781,2.30,4.13,72.89,1,0,0.74,72.00,837.00,99.95,85.84,6.68983804241981,58.2373835526145,1.56679388979439,1.66968823925513
367.00,ColdForest,45.723,6,781,2.30,4.48,72.89,1,0,0.29,60.00,1970.00,99.75,63.1,4.34483264929999,55.1666756444001,2.01750310176109,1.77487612799347
368.00,ColdForest,45.723,6,781,2.30,4.53,72.89,1,0,0.34,53.00,774.00,99.9,80.28,3.94718126839406,63.654517970233,1.48518054536547,1.75779231952258
369.00,ColdForest,45.723,6,781,2.30,4.34,72.89,1,0,0.42,87.00,932.00,99.6,80.62,14.053742851676,112.249854082524,1.33746959506711,1.43627690805133
370.00,ColdForest,45.723,6,781,2.30,5.16,72.89,1,0,0.50,130.00,1191.00,99.1,75.7,2.55816641707892,86.1126425121438,1.57541438195713,2.3822795694762
371.00,TropForest,19.414,16,2833,9.11,4.86,84.29,1,0,11.51,#,2352.00,0,64.68,111.511411486615,3166.01156380657,0.486165345033652,#
372.00,TropForest,19.414,16,2833,9.11,5.04,84.29,1,0,8.28,107.00,1713.00,98.3,67.12,116.280351087959,3243.05193652002,0.384286107772058,0.691711890413645
373.00,TropForest,19.414,16,2833,9.11,5.09,84.29,1,0,10.16,97.00,1805.00,99.05,69.22,83.1702096552356,2586.93826903046,0.460992793646548,0.77325830730172
374.00,TropForest,19.414,16,2833,9.11,4.85,84.29,1,0,11.05,96.00,1699.00,99,74.56,88.6636235261607,2667.9607847209,0.43358859339895,0.746241576775478
375.00,TropForest,19.414,16,2833,9.11,4.43,84.29,1,0,24.82,83.00,1568.00,99.3,71.04,231.7027746275,5024.64432361956,0.262761492166473,0.39664375700377
376.00,TropForest,19.929,15.6,1785,14.73,4.25,100.00,1,0,26.95,89.00,1180.00,95.25,80.62,144.662283566298,6069.13097809819,0.175034167461706,0.553987303680455
377.00,TropForest,19.929,15.6,1785,14.73,3.80,100.00,1,0,24.82,79.00,1276.00,96.2,78.26,333.043674431101,6435.07249045742,0.17980281481655,0.297418359789582
378.00,TropForest,19.929,15.6,1785,14.73,3.91,100.00,1,0,36.02,#,#,0,0,374.534833140808,5594.36612562022,#,#
379.00,TropForest,19.929,15.6,1785,14.73,3.49,100.00,1,0,47.36,69.00,1142.00,97.7,77.64,497.875547016311,7115.17657245671,0.14839518126872,0.194889477618927
380.00,TropForest,19.929,15.6,1785,14.73,3.64,100.00,1,0,43.79,77.00,#,96.7,0,229.968110136702,4665.36411730222,#,0.37750593883921
381.00,TropForest,20.051,16.3,735,19.53,4.50,79.41,1,0,11.24,#,#,0,0,217.027854023469,6108.23978194459,#,#
382.00,TropForest,20.051,16.3,735,19.53,4.30,79.41,1,0,25.57,#,1716.00,0,61.9,217.246206083572,5367.54863395706,0.269724783313481,#
383.00,TropForest,20.051,16.3,735,19.53,4.60,79.41,1,0,20.49,90.00,1424.00,94.9,68.02,218.846573095145,3449.37675934749,0.319309350149822,0.435506356977207
384.00,TropForest,20.051,16.3,735,19.53,3.98,79.41,1,0,27.71,#,#,0,0,308.879388429859,7290.44767152392,#,#
385.00,TropForest,20.051,16.3,735,19.53,3.58,79.41,1,0,43.86,82.00,1019.00,92.55,83.24,709.738708829526,3565.39592718209,0.232911237919971,0.170416644191475
386.00,TropForest,22.139,16.2,2186,13.65,3.99,95.85,1,0,19.76,#,#,0,0,345.963899587565,4394.63311227253,#,#
387.00,TropForest,22.139,16.2,2186,13.65,4.00,95.85,1,0,22.72,#,#,0,0,426.926861953471,5141.96042780953,#,#
388.00,TropForest,22.139,16.2,2186,13.65,4.34,95.85,1,0,16.22,#,#,0,0,237.621537752671,4917.33265769682,#,#
389.00,TropForest,22.139,16.2,2186,13.65,3.73,95.85,1,0,30.59,125.00,1616.00,96.95,70.8,235.3275512179,4041.89092506842,0.315807682938303,0.516092184777488
390.00,TropForest,22.139,16.2,2186,13.65,3.77,95.85,1,0,37.81,112.00,2235.00,94.1,62.3,179.175436751983,5043.58056254347,0.347334746798552,0.564354965090029
391.00,Shrubland,37.621,16.4,366,51.68,5.66,90.00,0,0,2.63,154.00,1989.00,92.15,62.74,10.2045745483394,295.145940832027,1.2924830459017,1.83246567160335
392.00,Shrubland,37.621,16.4,366,51.68,5.85,90.00,0,0,2.13,142.00,1703.00,93.8,63.14,23.7666709126823,345.070307432554,1.15796731048329,1.43254595125574
393.00,Shrubland,37.621,16.4,366,51.68,5.44,90.00,0,0,2.65,139.00,1664.00,84.7,57.54,35.3967135462129,421.059269991229,1.06721672060992,1.2567898773352
394.00,Shrubland,37.621,16.4,366,51.68,5.72,90.00,0,0,2.27,136.00,1768.00,88.1,57.68,69.7888262857781,453.404142161776,1.06445295001087,0.974533292541592
395.00,Shrubland,37.621,16.4,366,51.68,5.32,90.00,0,0,4.86,144.00,1214.00,87.9,40.9,66.6797734381264,782.547901977777,0.698376905047135,1.0158706447401
396.00,Shrubland,37.489,16.5,342,48.03,6.89,90.00,0,0,5.78,168.00,2352.00,96.5,55.9,73.3159770823852,917.472357434643,0.910409427723906,1.04194375752539
397.00,Shrubland,37.489,16.5,342,48.03,6.87,90.00,0,0,7.51,173.00,2428.00,98,64.72,180.576640778801,1214.82760128867,0.817767478982427,0.714683778377016
398.00,Shrubland,37.489,16.5,342,48.03,7.01,90.00,0,0,7.08,194.00,2271.00,96.55,66.5,128.871532085688,1093.95878354873,0.829877523176986,0.881274955414214
399.00,Shrubland,37.489,16.5,342,48.03,7.21,90.00,0,0,7.70,207.00,2202.00,96.1,70.96,166.511823626251,2219.80334828074,0.5729664449442,0.810745999600875
400.00,Shrubland,37.489,16.5,342,48.03,7.29,90.00,0,0,6.15,198.00,2254.00,95.65,63.58,119.902575513262,1170.07742954804,0.802064415502955,0.91673116280263
401.00,Grassland,37.335,16.5,270,61.75,5.46,36.67,0,1,9.42,169.00,1634.00,97.3,74.96,116.831505142519,2350.12777742664,0.456805595989494,0.86425939552563
402.00,Grassland,37.335,16.5,270,61.75,5.59,36.67,0,1,8.64,117.00,1843.00,91.85,66.62,138.496988852511,2433.40356650895,0.485289273546402,0.664313237212229
403.00,Grassland,37.335,16.5,270,61.75,5.45,36.67,0,1,8.87,#,1948.00,0,68.12,66.3173651134498,2684.37645399632,0.474487949084122,#
404.00,Grassland,37.335,16.5,270,61.75,5.60,36.67,0,1,9.85,126.00,1949.00,84.4,67.32,88.8869386499474,2403.41675867362,0.507192176144364,0.851360499538096
405.00,Grassland,37.335,16.5,270,61.75,5.38,36.67,0,1,10.23,#,1937.00,0,69.26,106.07662989197,1992.38113550603,0.562846951850108,#
411.00,Grassland,37.626,16.3,376,13.58,6.57,90.00,0,1,2.68,155.00,2109.00,94.55,66.04,124.696235038815,930.510080916918,0.860336348605075,0.806543776775769
412.00,Grassland,37.626,16.3,376,13.58,6.71,90.00,0,1,2.36,173.00,1940.00,93.3,76.9,110.085116815808,639.163300056706,0.96920994196669,0.895927349593378
413.00,Grassland,37.626,16.3,376,13.58,6.57,90.00,0,1,2.84,135.00,2083.00,89.25,63.72,73.8665070040486,646.104986394891,0.995312929749784,0.949482348346687
414.00,Grassland,37.626,16.3,376,13.58,6.78,90.00,0,1,3.16,140.00,2145.00,90.5,64.86,121.790121046362,1000.19137340352,0.840200815603655,0.776239790209812
415.00,Grassland,37.626,16.3,376,13.58,6.78,90.00,0,1,2.39,130.00,1953.00,83.75,65.96,155.829481286757,809.68502075726,0.881164143869968,0.662139162246587
416.00,Grassland,37.468,15.9,446,47.77,4.98,90.00,1,1,6.11,22.00,1632.00,80.35,55.18,1218.51826663766,4031.52730760877,0.318874022030566,0.023651641495502
417.00,Grassland,37.468,15.9,446,47.77,4.95,90.00,1,1,2.54,133.00,1655.00,98.05,61.26,315.880978889395,1248.61265733564,0.659043929296658,0.449415131601327
418.00,Grassland,37.468,15.9,446,47.77,5.05,90.00,1,1,2.80,132.00,1744.00,97.35,59.5,198.662532852953,992.857237450847,0.759705080621739,0.586991965376074
419.00,Grassland,37.468,15.9,446,47.77,4.83,90.00,1,1,2.27,120.00,1654.00,98.1,57.58,272.281561736338,1317.06709462717,0.640784783739043,0.46062352712215
420.00,Grassland,37.468,15.9,446,47.77,4.91,90.00,1,1,1.81,123.00,1697.00,98.3,52.62,84.605316396205,555.957303306961,0.966092866829643,0.860318191581738
439.00,Cropland,23.867,21.6,2258,80.50,3.30,80.00,0,0,4.62,91.00,618.00,93.9,86.96,13.9018221990761,426.27846347065,0.616109799529832,1.46134061600306
440.00,Cropland,23.867,21.6,2258,80.50,3.62,80.00,0,0,4.98,130.00,1514.00,94.3,71.14,24.1930445934853,439.160635018728,1.00858317131461,1.38620025523469
441.00,Cropland,23.867,21.6,2258,80.50,3.58,80.00,0,0,8.51,100.00,508.00,91.45,93.42,28.073596053156,1271.85606521724,0.251560068117306,1.20907096915217
442.00,Cropland,23.867,21.6,2258,80.50,3.56,80.00,0,0,3.54,#,931.00,0,84.5,18.2339139376423,572.411284510481,0.696909367657212,#
443.00,Cropland,23.867,21.6,2258,80.50,3.92,80.00,0,0,1.65,134.00,1907.00,81.8,67.6,12.5541338830613,338.514431912258,1.21674219751604,1.67983013237463
444.00,Cropland,23.862,21.5,2313,80.09,4.57,80.00,0,0,1.62,154.00,1646.00,91.4,59.5,8.28791631472902,225.066409791755,1.31912813728465,1.92390647923743
445.00,Cropland,23.862,21.5,2313,80.09,4.07,80.00,0,0,1.24,115.00,1471.00,76.05,67.04,5.76121782087373,181.861667353625,1.35625244819308,1.95307072580342
446.00,Cropland,23.862,21.5,2313,80.09,4.20,80.00,0,0,0.76,105.00,1444.00,86.1,48.1,8.66847524524527,121.377023761572,1.52009762671047,1.73071828134834
447.00,Cropland,23.862,21.5,2313,80.09,4.52,80.00,0,0,2.20,149.00,1765.00,76.8,61.32,15.6575734926575,322.883119135661,1.20130513180333,1.63185884787144
448.00,Cropland,23.862,21.5,2313,80.09,4.28,80.00,0,0,1.00,192.00,2024.00,84.15,49.24,10.4613209490558,156.328463150281,1.56987211821089,1.9200999598353
449.00,Cropland,23.841,21.2,2467,79.50,4.86,80.00,0,0,1.14,150.00,1833.00,85.65,61.54,9.97252652395693,193.279360852075,1.43319669987614,1.83073289989425
450.00,Cropland,23.841,21.2,2467,79.50,3.19,80.00,0,0,2.03,80.00,815.00,96.5,87.38,5.47056329718489,282.196881801672,0.895614234744215,1.80835124469434
451.00,Cropland,23.841,21.2,2467,79.50,4.13,80.00,0,0,0.93,105.00,2249.00,90.1,55.24,3.74545124574681,114.827721762181,1.75272212722159,2.10625321557974
452.00,Cropland,23.841,21.2,2467,79.50,3.30,80.00,0,0,4.04,#,#,0,0,15.5083716767182,467.491511797345,#,#
453.00,Cropland,23.841,21.2,2467,79.50,3.55,80.00,0,0,1.93,137.00,1442.00,97.2,67.34,8.33827581349315,274.131647446559,1.17616444800311,1.86853945584402
454.00,Cropland,23.892,21,2423,86.42,4.09,80.00,0,0,1.00,78.00,1384.00,97.7,52.2,2.04233603870358,80.9344055358223,1.67649386875573,2.25302646646
455.00,Cropland,23.892,21,2423,86.42,4.35,80.00,0,0,1.10,106.00,1459.00,86.95,52.92,6.4820831758519,139.414752490163,1.46543358740045,1.86320601068592
456.00,Cropland,23.892,21,2423,86.42,4.18,80.00,0,0,0.69,106.00,1251.00,83.8,60.76,3.40962496579581,73.9232547526037,1.66697724026056,2.15390927494563
457.00,Cropland,23.892,21,2423,86.42,4.15,80.00,0,0,1.00,88.00,1170.00,94.75,64.42,1.81366474834455,100.635375994326,1.49870015857893,2.36825477173672
458.00,Cropland,23.892,21,2423,86.42,4.19,80.00,0,0,1.44,87.00,1223.00,95.7,64.74,3.26639772994953,132.93117652836,1.4007788502377,2.08193368897659
